Workbook

Sheet Standards Score Report
A1: No | B1: URL | C1: หมวดหมู่ (Category) | D1: คะแนนรวม (%) | E1: ระดับ (Grade) | F1: ผ่าน (Pass) | G1: ไม่ผ่าน (Fail) | H1: เตือน (Warn) | I1: WCAG 2.1 (%) | J1: WCAG ผ่าน | K1: WCAG ไม่ผ่าน | L1: WCAG เตือน | M1: CWV & SEO (%) | N1: CWV ผ่าน | O1: CWV ไม่ผ่าน | P1: CWV เตือน | Q1: สกมช. NCSA (%) | R1: สกมช. ผ่าน | S1: สกมช. ไม่ผ่าน | T1: สกมช. เตือน | U1: OWASP Headers (%) | V1: OWASP ผ่าน | W1: OWASP ไม่ผ่าน | X1: OWASP เตือน | Y1: เวลารวม (s) | Z1: สถานะ (Status) | AA1: Timestamp
A2: 1 | B2: http://www.sanook.com | C2: บันเทิง | D2: =F2/71 | E2: =IF(D2>=0.9,"ดีเยี่ยม",IF(D2>=0.7,"ดี",IF(D2>=0.5,"พอใช้","ต้องปรับปรุง"))) | F2: =J2+N2+R2+V2 | G2: =K2+O2+S2+W2 | H2: =L2+P2+T2+X2 | I2: =J2/37 | J2: 35 | K2: 2 | L2: 0 | M2: =N2/9 | N2: 7 | O2: 2 | P2: 0 | Q2: =R2/11 | R2: 7 | S2: 2 | T2: 2 | U2: =V2/14 | V2: 3 | W2: 10 | X2: 1 | Y2: 38.5 | Z2: Success | AA2: 2026-10-08 17:17:52
A3: 2 | B3: http://www.thairath.co.th | C3: ข่าว-สื่อ | D3: =F3/71 | E3: =IF(D3>=0.9,"ดีเยี่ยม",IF(D3>=0.7,"ดี",IF(D3>=0.5,"พอใช้","ต้องปรับปรุง"))) | F3: =J3+N3+R3+V3 | G3: =K3+O3+S3+W3 | H3: =L3+P3+T3+X3 | I3: =J3/37 | J3: 31 | K3: 5 | L3: 1 | M3: =N3/9 | N3: 7 | O3: 2 | P3: 0 | Q3: =R3/11 | R3: 7 | S3: 1 | T3: 3 | U3: =V3/14 | V3: 6 | W3: 7 | X3: 1 | Y3: 34.97 | Z3: Success | AA3: 2026-10-08 17:18:27
A4: 3 | B4: http://trueid.net | C4: บันเทิง | D4: =F4/71 | E4: =IF(D4>=0.9,"ดีเยี่ยม",IF(D4>=0.7,"ดี",IF(D4>=0.5,"พอใช้","ต้องปรับปรุง"))) | F4: =J4+N4+R4+V4 | G4: =K4+O4+S4+W4 | H4: =L4+P4+T4+X4 | I4: =J4/37 | J4: 32 | K4: 5 | L4: 0 | M4: =N4/9 | N4: 6 | O4: 3 | P4: 0 | Q4: =R4/11 | R4: 5 | S4: 3 | T4: 3 | U4: =V4/14 | V4: 2 | W4: 12 | X4: 0 | Y4: 37.03 | Z4: Success | AA4: 2026-10-08 17:19:04
A5: 4 | B5: http://www.khaosod.co.th | C5: ข่าว-สื่อ | D5: =F5/71 | E5: =IF(D5>=0.9,"ดีเยี่ยม",IF(D5>=0.7,"ดี",IF(D5>=0.5,"พอใช้","ต้องปรับปรุง"))) | F5: =J5+N5+R5+V5 | G5: =K5+O5+S5+W5 | H5: =L5+P5+T5+X5 | I5: =J5/37 | J5: 37 | K5: 0 | L5: 0 | M5: =N5/9 | N5: 7 | O5: 2 | P5: 0 | Q5: =R5/11 | R5: 6 | S5: 2 | T5: 3 | U5: =V5/14 | V5: 3 | W5: 10 | X5: 1 | Y5: 70.51 | Z5: Success | AA5: 2026-10-08 17:20:15
A6: 5 | B6: http://www.kapook.com | C6: บันเทิง | D6: =F6/71 | E6: =IF(D6>=0.9,"ดีเยี่ยม",IF(D6>=0.7,"ดี",IF(D6>=0.5,"พอใช้","ต้องปรับปรุง"))) | F6: =J6+N6+R6+V6 | G6: =K6+O6+S6+W6 | H6: =L6+P6+T6+X6 | I6: =J6/37 | J6: 36 | K6: 1 | L6: 0 | M6: =N6/9 | N6: 7 | O6: 2 | P6: 0 | Q6: =R6/11 | R6: 5 | S6: 3 | T6: 3 | U6: =V6/14 | V6: 2 | W6: 11 | X6: 1 | Y6: 72.27 | Z6: Success | AA6: 2026-10-08 17:21:27
A7: 6 | B7: http://www.ais.th | C7: ธุรกิจ | D7: =F7/71 | E7: =IF(D7>=0.9,"ดีเยี่ยม",IF(D7>=0.7,"ดี",IF(D7>=0.5,"พอใช้","ต้องปรับปรุง"))) | F7: =J7+N7+R7+V7 | G7: =K7+O7+S7+W7 | H7: =L7+P7+T7+X7 | I7: =J7/37 | J7: 34 | K7: 2 | L7: 1 | M7: =N7/9 | N7: 7 | O7: 2 | P7: 0 | Q7: =R7/11 | R7: 4 | S7: 3 | T7: 4 | U7: =V7/14 | V7: 1 | W7: 13 | X7: 0 | Y7: 38.5 | Z7: Success | AA7: 2026-10-08 17:42:32
A8: 7 | B8: http://mgronline.com | C8: ข่าว-สื่อ | D8: =F8/71 | E8: =IF(D8>=0.9,"ดีเยี่ยม",IF(D8>=0.7,"ดี",IF(D8>=0.5,"พอใช้","ต้องปรับปรุง"))) | F8: =J8+N8+R8+V8 | G8: =K8+O8+S8+W8 | H8: =L8+P8+T8+X8 | I8: =J8/37 | J8: 37 | K8: 0 | L8: 0 | M8: =N8/9 | N8: 7 | O8: 2 | P8: 0 | Q8: =R8/11 | R8: 6 | S8: 3 | T8: 2 | U8: =V8/14 | V8: 2 | W8: 12 | X8: 0 | Y8: 22.09 | Z8: Success | AA8: 2026-10-08 17:42:55
A9: 8 | B9: http://www.dochord.com | C9: บันเทิง | D9: =F9/71 | E9: =IF(D9>=0.9,"ดีเยี่ยม",IF(D9>=0.7,"ดี",IF(D9>=0.5,"พอใช้","ต้องปรับปรุง"))) | F9: =J9+N9+R9+V9 | G9: =K9+O9+S9+W9 | H9: =L9+P9+T9+X9 | I9: =J9/37 | J9: 37 | K9: 0 | L9: 0 | M9: =N9/9 | N9: 7 | O9: 2 | P9: 0 | Q9: =R9/11 | R9: 4 | S9: 3 | T9: 4 | U9: =V9/14 | V9: 2 | W9: 11 | X9: 1 | Y9: 62.13 | Z9: Success | AA9: 2026-10-08 17:43:57
A10: 9 | B10: http://www.dek-d.com | C10: บันเทิง | D10: =F10/71 | E10: =IF(D10>=0.9,"ดีเยี่ยม",IF(D10>=0.7,"ดี",IF(D10>=0.5,"พอใช้","ต้องปรับปรุง"))) | F10: =J10+N10+R10+V10 | G10: =K10+O10+S10+W10 | H10: =L10+P10+T10+X10 | I10: =J10/37 | J10: 31 | K10: 6 | L10: 0 | M10: =N10/9 | N10: 8 | O10: 1 | P10: 0 | Q10: =R10/11 | R10: 6 | S10: 2 | T10: 3 | U10: =V10/14 | V10: 4 | W10: 8 | X10: 2 | Y10: 20.38 | Z10: Success | AA10: 2026-10-08 17:44:17
A11: 10 | B11: http://www.matichon.co.th | C11: ข่าว-สื่อ | D11: =F11/71 | E11: =IF(D11>=0.9,"ดีเยี่ยม",IF(D11>=0.7,"ดี",IF(D11>=0.5,"พอใช้","ต้องปรับปรุง"))) | F11: =J11+N11+R11+V11 | G11: =K11+O11+S11+W11 | H11: =L11+P11+T11+X11 | I11: =J11/37 | J11: 37 | K11: 0 | L11: 0 | M11: =N11/9 | N11: 8 | O11: 1 | P11: 0 | Q11: =R11/11 | R11: 4 | S11: 3 | T11: 4 | U11: =V11/14 | V11: 2 | W11: 12 | X11: 0 | Y11: 43.4 | Z11: Success | AA11: 2026-10-08 17:45:00
A12: 11 | B12: http://www.siamsport.co.th | C12: กีฬา | D12: =F12/71 | E12: =IF(D12>=0.9,"ดีเยี่ยม",IF(D12>=0.7,"ดี",IF(D12>=0.5,"พอใช้","ต้องปรับปรุง"))) | F12: =J12+N12+R12+V12 | G12: =K12+O12+S12+W12 | H12: =L12+P12+T12+X12 | I12: =J12/37 | J12: 33 | K12: 4 | L12: 0 | M12: =N12/9 | N12: 7 | O12: 2 | P12: 0 | Q12: =R12/11 | R12: 5 | S12: 3 | T12: 3 | U12: =V12/14 | V12: 2 | W12: 12 | X12: 0 | Y12: 30.44 | Z12: Success | AA12: 2026-10-08 17:45:31
A13: 12 | B13: http://www.bangkokbiznews.com | C13: ข่าว-สื่อ | D13: =F13/71 | E13: =IF(D13>=0.9,"ดีเยี่ยม",IF(D13>=0.7,"ดี",IF(D13>=0.5,"พอใช้","ต้องปรับปรุง"))) | F13: =J13+N13+R13+V13 | G13: =K13+O13+S13+W13 | H13: =L13+P13+T13+X13 | I13: =J13/37 | J13: 37 | K13: 0 | L13: 0 | M13: =N13/9 | N13: 6 | O13: 3 | P13: 0 | Q13: =R13/11 | R13: 7 | S13: 1 | T13: 3 | U13: =V13/14 | V13: 4 | W13: 8 | X13: 2 | Y13: 24.72 | Z13: Success | AA13: 2026-10-08 17:45:56
... A601: 600 | B601: http://www.MobiFan.com | C601: มือถือ-พีดีเอ | D601: =F601/71 | E601: =IF(D601>=0.9,"ดีเยี่ยม",IF(D601>=0.7,"ดี",IF(D601>=0.5,"พอใช้","ต้องปรับปรุง"))) | F601: =J601+N601+R601+V601 | G601: =K601+O601+S601+W601 | H601: =L601+P601+T601+X601 | I601: =J601/37 | J601: 0 | K601: 37 | L601: 0 | M601: =N601/9 | N601: 0 | O601: 9 | P601: 0 | Q601: =R601/11 | R601: 0 | S601: 11 | T601: 0 | U601: =V601/14 | V601: 0 | W601: 14 | X601: 0 | Y601: 0.55 | Z601: Failed (เว็บพัง (PHP/Database Error)) | AA601: 2026-10-21 00:13:37

Sheet Summary สถิติภาพรวม
A1: สรุปภาพรวมผลการประเมินมาตรฐานเว็บไซต์ (Assessment Dashboard)
A2: จำนวนเว็บไซต์ที่ประเมินแล้ว | B2: =COUNTA('Standards Score Report'!B2:B601)
A3: คะแนนเฉลี่ยรวมทุกมาตรฐาน | B3: =AVERAGE('Standards Score Report'!D2:D601)
A5: มาตรฐาน (Standard) | B5: คะแนนเฉลี่ย (%) | C5: คะแนนต่ำสุด (%) | D5: คะแนนสูงสุด (%) | E5: จำนวนรายการ
A6: WCAG 2.1 (W3C) | B6: =AVERAGE('Standards Score Report'!I2:I601) | C6: =MIN('Standards Score Report'!I2:I601) | D6: =MAX('Standards Score Report'!I2:I601) | E6: 37 รายการ
A7: Core Web Vitals & SEO (Google) | B7: =AVERAGE('Standards Score Report'!M2:M601) | C7: =MIN('Standards Score Report'!M2:M601) | D7: =MAX('Standards Score Report'!M2:M601) | E7: 9 รายการ
A8: มาตรฐานความมั่นคงปลอดภัย สกมช. | B8: =AVERAGE('Standards Score Report'!Q2:Q601) | C8: =MIN('Standards Score Report'!Q2:Q601) | D8: =MAX('Standards Score Report'!Q2:Q601) | E8: 11 รายการ
A9: OWASP HTTP Security Headers | B9: =AVERAGE('Standards Score Report'!U2:U601) | C9: =MIN('Standards Score Report'!U2:U601) | D9: =MAX('Standards Score Report'!U2:U601) | E9: 14 รายการ
A10: คะแนนเฉลี่ยรวม (Overall Score) | B10: =AVERAGE('Standards Score Report'!D2:D601) | C10: =MIN('Standards Score Report'!D2:D601) | D10: =MAX('Standards Score Report'!D2:D601) | E10: 71 รายการ
A12: การกระจายตัวของระดับผลการประเมิน (Grade Distribution)
A13: ระดับ (Grade) | B13: เกณฑ์คะแนน | C13: จำนวนเว็บ | D13: คิดเป็นเปอร์เซ็นต์
A14: ดีเยี่ยม | B14: ≥ 90% | C14: =COUNTIF('Standards Score Report'!E2:E601, "ดีเยี่ยม") | D14: =C14/B2
A15: ดี | B15: 70% – 89% | C15: =COUNTIF('Standards Score Report'!E2:E601, "ดี") | D15: =C15/B2
A16: พอใช้ | B16: 50% – 69% | C16: =COUNTIF('Standards Score Report'!E2:E601, "พอใช้") | D16: =C16/B2
A17: ต้องปรับปรุง | B17: < 50% | C17: =COUNTIF('Standards Score Report'!E2:E601, "ต้องปรับปรุง") | D17: =C17/B2
